office,research,mixed-purpose
4210,4793,3452
38906,43849,30805
9.764356619,9.85362444,10.07677263
